name,node
pod-43,node-1
pod-42,node-6
pod-92,node-1
pod-10,node-6
pod-66,node-6
pod-51,node-1
pod-2,node-6
pod-71,node-1
pod-16,node-1
pod-79,node-1
pod-74,node-6
pod-11,node-1
pod-56,node-1
pod-57,node-6
pod-73,node-6
pod-46,node-6
pod-49,node-6
pod-93,node-6
pod-77,node-6
pod-38,node-6
pod-31,node-1
pod-22,node-6
pod-33,node-6
pod-97,node-6
pod-81,node-6
pod-50,node-6
pod-84,node-1
pod-27,node-1
pod-88,node-1
pod-34,node-6
pod-9,node-6
pod-48,node-1
pod-60,node-1
pod-64,node-1
pod-75,node-1
pod-45,node-6
pod-99,node-1
pod-53,node-6
pod-86,node-7
pod-13,node-6
pod-37,node-7
pod-24,node-1
pod-40,node-1
pod-41,node-7
pod-19,node-1
pod-67,node-1
pod-62,node-7
pod-61,node-7
pod-8,node-1
pod-35,node-1
pod-100,node-2
pod-47,node-2
pod-3,node-2
pod-52,node-2
pod-17,node-7
pod-39,node-2
pod-59,node-2
pod-69,node-7
pod-23,node-2
pod-63,node-2
pod-25,node-7
pod-6,node-7
pod-7,node-2
pod-68,node-2
pod-83,node-2
pod-20,node-2
pod-80,node-2
pod-44,node-2
pod-91,node-2
pod-21,node-7
pod-1,node-7
pod-96,node-2
pod-58,node-7
pod-94,node-7
pod-54,node-7
pod-90,node-7
pod-26,node-7
pod-72,node-2
pod-85,node-7
pod-78,node-7
pod-65,node-7
pod-30,node-7
pod-28,node-2
pod-89,node-8
pod-98,node-8
pod-5,node-8
pod-55,node-2
pod-76,node-2
pod-12,node-2
pod-70,node-8
pod-87,node-2
pod-14,node-8
pod-18,node-8
pod-29,node-8
pod-32,node-2
pod-36,node-3
pod-95,node-3
pod-4,node-3
pod-15,node-3
pod-82,node-8
